id,topic,question,answer,upsell_hook,source
1,admissions,Как поступить в Университет искусственного интеллекта?,Чтобы поступить, заполните онлайн-заявку на сайте УИИ, загрузите портфолио (или пройдите диагностический тест) и дождитесь письма от приёмной комиссии. Набор идёт каждые 4 недели.,Если хотите ускорить старт и получить поддержку куратора уже на этой неделе — присоединяйтесь к нашему интенсиву «AI-Старт PRO».,handbook
2,admissions,Нужен ли опыт программирования?,Базовый опыт желателен, но не обязателен. На первом модуле мы закрываем основы Python, Git и работу с API на практических мини-проектах.,Если хотите быстрее пройти базу и сразу перейти к проектам — возьмите пакет «Быстрый старт» с живыми разборами.,faq
3,curriculum,Из каких блоков состоит программа?,Основные блоки: Python для DS/ML, промпт-инжиниринг, RAG и векторные БД, LangChain/LangGraph, тонкая настройка (fine-tuning), продакшн и мониторинг качества.,В расширенной версии «Профессия AI-Инженер+» есть дополнительные модули по MLOps и оценке качества.,syllabus
4,schedule,Как устроено обучение по времени?,Формат гибридный: записанные уроки + еженедельные лайв-сессии, дедлайны по спринтам и код-ревью. Средняя нагрузка — 6–8 часов в неделю.,Хотите личное сопровождение и приоритетный код-ревью? В пакете «Mentor Care» доступ к сеньор-наставнику.,syllabus
5,pricing,Сколько стоит обучение?,Есть базовый, стандартный и продвинутый пакеты. Итоговая стоимость зависит от набора сервисов (менторство, карьерный трек, доп-интенсивы).,Сейчас действует скидка на «Bootcamp по RAG & Fine-Tuning» — это быстрый путь к коммерческим проектам.,pricing
6,finance,Есть ли рассрочка или возврат?,Рассрочка есть, возврат возможен в течение 14 дней при условии выполнения стартовых заданий.,В пакет «Гарант трудоустройства» входят карьерные консультации и помощь с собеседованиями.,policy
7,stack,Какие технологии изучаются?,OpenAI API, инструменты для RAG (BM25/TF-IDF/эмбеддинги), LangChain/LangGraph, векторные БД, базовые MLOps, трекинг экспериментов.,Хотите быстрее собрать первый RAG-бот с продажами? Загляните на интенсив «RAG за выходные».,"course notes"
8,projects,Какие будут проекты?,Чат-бот-консультант с RAG, агенты-помощники на LangGraph, fine-tuning на своих данных, мини-сервисы с FastAPI.,В продвинутом пакете — ревью ваших проектов экспертами из индустрии.,syllabus
9,career,Помогаете ли с трудоустройством?,Да, есть карьерный трек: резюме, портфолио, подготовка к интервью, проекты для GitHub. Плюс закрытые вакансии партнёров.,Быстрее пройти путь помогает «Клуб собеседований» — тренировки с обратной связью.,career
10,certificate,Выдаёте сертификат?,Да, электронный сертификат по итогам защиты проекта. Для отличившихся — рекомендация от наставников.,Хотите «отлично»? Взгляните на «Project Excellence» — плотное ревью итогового проекта.,policy
11,ft,Для чего нужен fine-tuning?,Fine-tuning помогает закрепить голос/тон, формат ответов и узкие знания, чтобы ответы были стабильными и бренд-консистентными.,Продвинутый модуль «Fine-Tuning PRO» показывает, как быстро собрать датасет и отладить пайплайн.,lecture
12,rag,Чем полезен RAG?,RAG позволяет отвечать по самым свежим документам и источникам, не меняя саму модель — удобно для часто обновляемых баз.,В «Bootcamp по RAG & Retrieval» мы строим стек от индекса до продакшна за 2 недели.,lecture
13,usecase,Как выбрать между RAG и fine-tuning?,Если знания часто обновляются — RAG. Если нужен фиксированный стиль и шаблоны ответов — fine-tuning. Часто комбинируют.,На курсе мы сравниваем подходы на реальных задачах и метриках.,lecture
14,mentor,Какая польза от наставника?,Наставник экономит часы на отладке, даёт реальную обратную связь и помогает довести проект до продакшна.,В пакете «Mentor Care» личные созвоны раз в неделю и приоритет по вопросам.,faq
15,sales,Есть ли платные интенсивы?,Да: «AI-Старт PRO», «RAG за выходные», «Fine-Tuning PRO», «Bootcamp по RAG & Fine-Tuning». Все с практикой и ревью.,Если вам нужен быстрый результат — начните с ближайшего интенсива.,pricing
16,tools,Какие модели поддерживаете?,Мы работаем с моделями OpenAI (GPT-4o-mini и др.) и эмбеддингами, а также совместимы с большинством векторных БД.,В доп-модуле показываем, как выбрать стек под бюджет и SLA.,tech
17,exam,Как проходит итоговая защита?,Вы презентуете проект, показываете метрики, отвечаете на вопросы комиссии. Доступны несколько дат в месяц.,Чтобы подготовиться, присоединяйтесь к «Project Excellence» — доведём проект до блеска.,policy
18,community,Есть ли сообщество?,Да, Discord/Telegram-чат, митапы и код-челленджи. Это помогает быстрее расти и находить команду.,Премиум-доступ даёт разборы решений и закрытые воркшопы.,community
19,qa_style,Какой стиль ответов вы ожидаете?,Дружелюбный, структурированный, с короткими шагами и мягким приглашением на платные интенсивы/курсы.,В «Sales-настройках» есть готовые CTA-шаблоны для upsell.,style
20,policy,Есть ли правила академической честности?,Да, запрещены плагиат и недобросовестные практики. Мы учим строить реальные навыки и портфолио.,Этика и прозрачность — то, что ценят работодатели, и мы помогаем это прокачать.,policy
