question,answer
Нужен ли опыт программирования для поступления в УИИ?,"Опыт не обязателен

Если хотите быстрее продвинуться:  но желателен. На первом модуле мы закрываем основы Python"
Сколько времени занимает обучение каждую неделю и есть ли лайв-сессии?,"Обучение

Если хотите быстрее продвинуться:  лайв-сессии проходят 1 раз в неделю. Средняя нагрузка — 3–5 часов в неделю."
"Что выбрать: RAG или fine-tuning, если база знаний часто обновляется?",Если хотите быстрее реагировать на изменения: RAG. Если нужны фиксированные ответы и стиль: fine-tuning. Часто комбинируют.
Помогаете ли вы с трудоустройством и как это устроено?,"Да

Если хотите быстрее продвинуться:  есть карьерный трек: резюме"
"Есть ли платные интенсивы, чтобы быстро стартовать, и что посоветуете?","Есть

Если хотите быстрее продвинуться:  «УИИ за 21 день»"
